City_ID,City,Country,Lat,Lng,Max Temp,Humidity,Cloudiness,Wind Speed,Current Description
0,Atuona,PF,-9.8,-139.0333,80.13,74,85,15.46,overcast clouds
1,Bluff,NZ,-46.6,168.3333,46.0,91,100,11.99,overcast clouds
2,Tautira,PF,-17.7333,-149.15,87.8,62,20,5.75,light rain
3,Whitehorse,CA,60.7161,-135.0538,57.2,21,1,10.36,clear sky
4,Castro,BR,-24.7911,-50.0119,59.13,92,99,3.29,overcast clouds
5,Laguna,US,38.421,-121.4238,61.0,55,40,10.36,scattered clouds
6,Port Hardy,CA,50.6996,-127.4199,51.8,82,75,3.44,light rain
7,Ketchikan,US,55.3422,-131.6461,60.8,29,1,11.5,clear sky
8,Nemuro,JP,43.3236,145.575,39.2,38,40,17.27,scattered clouds
9,Albany,US,42.6001,-73.9662,51.8,53,20,20.71,few clouds
10,Aktash,RU,50.3,87.7333,13.12,72,92,3.91,overcast clouds
11,Lop Buri,TH,14.7981,100.654,87.01,87,100,3.0,overcast clouds
12,Raudeberg,NO,61.9875,5.1352,37.0,76,2,8.59,clear sky
13,Ussel,FR,45.55,2.3167,55.0,18,100,1.5,overcast clouds
14,Qaanaaq,GL,77.484,-69.3632,27.99,68,0,7.99,clear sky
15,Port Elizabeth,ZA,-33.918,25.5701,59.0,88,0,8.05,clear sky
16,Gizo,SB,-8.103,156.8419,84.97,66,17,2.77,few clouds
17,Sept-Iles,CA,50.2001,-66.3821,41.0,75,75,5.75,broken clouds
18,Mar Del Plata,AR,-38.0023,-57.5575,61.0,88,20,3.44,few clouds
19,Lebu,CL,-37.6167,-73.65,54.99,92,30,9.46,scattered clouds
20,New Norfolk,AU,-42.7826,147.0587,62.6,48,75,13.8,broken clouds
21,Hobart,AU,-42.8794,147.3294,62.6,48,75,13.8,broken clouds
22,Nioro,GM,13.35,-15.75,77.95,36,11,8.93,few clouds
23,Kaitangata,NZ,-46.2817,169.8464,48.15,89,100,14.47,overcast clouds
24,Ati,TD,13.2154,18.3353,84.07,19,100,6.55,overcast clouds
25,Busselton,AU,-33.65,115.3333,62.01,96,99,4.36,overcast clouds
26,Leek,NL,53.1625,6.3764,34.0,93,4,1.14,clear sky
27,Provideniya,RU,64.3833,-173.3,41.0,60,0,4.47,clear sky
28,Truth Or Consequences,US,33.1284,-107.2528,82.99,5,1,17.27,clear sky
29,Hithadhoo,MV,-0.6,73.0833,82.42,68,39,4.38,scattered clouds
30,Saldanha,ZA,-33.0117,17.9442,60.8,94,11,5.75,few clouds
31,Vaini,TO,-21.2,-175.2,82.4,78,75,6.91,broken clouds
32,Manzhouli,CN,49.6,117.4333,55.96,60,100,17.85,light rain
33,Geraldton,AU,-28.7667,114.6,75.2,33,0,13.8,clear sky
34,Jamestown,US,42.097,-79.2353,39.0,69,75,10.36,broken clouds
35,Mataura,NZ,-46.1927,168.8643,46.0,91,100,11.99,overcast clouds
36,Hilo,US,19.7297,-155.09,75.2,73,90,11.5,moderate rain
37,Hermanus,ZA,-34.4187,19.2345,60.01,92,2,1.01,clear sky
38,Nanortalik,GL,60.1432,-45.2371,38.88,86,100,6.35,light rain
39,Cape Town,ZA,-33.9258,18.4232,63.0,88,75,12.66,broken clouds
40,Plettenberg Bay,ZA,-34.0527,23.3716,64.18,72,100,3.49,overcast clouds
41,Rikitea,PF,-23.1203,-134.9692,78.01,74,37,5.79,scattered clouds
42,Cherskiy,RU,68.75,161.3,19.17,79,87,6.17,overcast clouds
43,Isangel,VU,-19.55,169.2667,82.4,83,75,11.5,broken clouds
44,Bathsheba,BB,13.2167,-59.5167,78.8,65,40,14.97,scattered clouds
45,Port Alfred,ZA,-33.5906,26.891,70.59,51,73,12.35,broken clouds
46,Chokurdakh,RU,70.6333,147.9167,26.33,94,100,14.09,light snow
47,Ahipara,NZ,-35.1667,173.1667,63.61,69,30,9.1,scattered clouds
48,Taoudenni,ML,22.6783,-3.9836,88.38,14,6,8.08,clear sky
49,Algete,ES,40.5971,-3.4974,51.8,100,75,1.14,broken clouds
50,Ushuaia,AR,-54.8,-68.3,46.4,81,90,20.71,light intensity drizzle
51,Ulaanbaatar,MN,47.9077,106.8832,28.4,80,75,20.13,snow
52,Agapovka,RU,53.2973,59.1348,32.0,74,0,11.18,clear sky
53,Dikson,RU,73.5069,80.5464,17.1,93,100,15.19,light snow
54,Ferkessedougou,CI,9.6,-5.2,81.73,59,100,7.29,overcast clouds
55,Prieska,ZA,-29.6641,22.7474,65.98,25,100,3.91,overcast clouds
56,Tiarei,PF,-17.5333,-149.3333,87.8,62,20,5.75,light rain
57,Kapaa,US,22.0752,-159.319,78.8,69,40,13.8,scattered clouds
58,Bud,US,39.447,-86.1758,53.6,43,1,5.48,clear sky
59,Esperance,AU,-33.8667,121.9,66.2,42,0,16.11,clear sky
60,Itoman,JP,26.1247,127.6694,75.2,57,20,12.66,few clouds
61,East London,ZA,-33.0153,27.9116,67.75,52,100,8.99,overcast clouds
62,Adrar,MR,20.5022,-10.0711,81.37,21,44,8.81,scattered clouds
63,Ribeira Grande,PT,38.5167,-28.7,59.0,72,20,14.97,few clouds
64,Thompson,CA,55.7435,-97.8558,32.0,86,90,3.44,light snow
65,Nabire,ID,-3.3667,135.4833,83.37,70,89,2.01,overcast clouds
66,Penzance,GB,50.1186,-5.5371,46.4,87,84,21.3,broken clouds
67,Sosua,DO,19.7667,-70.5167,77.0,88,75,6.91,broken clouds
68,Axim,GH,4.8699,-2.2405,80.13,84,100,6.4,overcast clouds
69,Yuryevets,RU,57.3201,43.1041,32.4,95,100,20.78,snow
70,Balykshi,KZ,47.0667,51.8667,48.2,81,40,22.37,scattered clouds
71,Kruisfontein,ZA,-34.0033,24.7314,66.83,46,100,3.96,overcast clouds
72,Zhezkazgan,KZ,47.8043,67.7144,49.46,64,33,1.99,scattered clouds
73,San Antonio,US,29.4241,-98.4936,84.99,39,1,10.36,clear sky
74,Saint George,US,37.1041,-113.5841,77.0,15,1,25.32,clear sky
75,Wanning,CN,18.8003,110.3967,81.39,80,98,7.96,overcast clouds
76,Bac Lieu,VN,9.285,105.7244,84.74,71,98,8.12,overcast clouds
77,Khatanga,RU,71.9667,102.5,11.1,93,100,12.82,overcast clouds
78,Siddharthanagar,NP,27.5,83.45,78.19,13,0,3.65,clear sky
79,Ipameri,BR,-17.7219,-48.1597,68.49,62,35,1.1,scattered clouds
80,Itarema,BR,-2.9248,-39.9167,77.41,80,7,8.16,clear sky
81,Upernavik,GL,72.7868,-56.1549,31.35,76,100,2.71,overcast clouds
82,Puerto Ayora,EC,-0.7393,-90.3518,75.63,83,6,7.16,clear sky
83,Nikolskoye,RU,59.7035,30.7861,37.99,93,90,8.95,overcast clouds
84,Homer,US,59.6425,-151.5483,55.4,33,1,5.75,clear sky
85,Aklavik,CA,68.2191,-135.0107,17.6,73,100,9.22,overcast clouds
86,Sahbuz,AZ,39.4072,45.5739,60.8,67,75,6.91,broken clouds
87,Avarua,CK,-21.2078,-159.775,82.4,74,75,9.22,broken clouds
88,Barrow,US,71.2906,-156.7887,21.2,79,1,20.71,clear sky
89,Butaritari,KI,3.0707,172.7902,83.08,73,19,11.45,few clouds
90,Husavik,IS,66.0449,-17.3389,37.4,87,90,10.36,overcast clouds
91,Lusambo,CD,-4.9667,23.45,69.48,99,100,1.48,overcast clouds
92,Bredasdorp,ZA,-34.5322,20.0403,51.8,93,100,1.14,overcast clouds
93,Yaan,NG,7.3833,8.5667,76.91,74,100,3.78,overcast clouds
94,Mezen,RU,65.8522,44.24,40.59,92,100,4.54,overcast clouds
95,Mantua,IT,45.1667,10.7833,57.99,60,100,3.0,overcast clouds
96,Lynn Haven,US,30.2455,-85.6483,69.01,72,1,5.75,clear sky
97,Burgersdorp,ZA,-30.9977,26.3286,56.68,37,100,1.74,overcast clouds
98,Tura,IN,25.5198,90.2201,82.33,27,3,4.72,clear sky
99,Dawlatabad,AF,36.4141,64.9053,66.49,30,8,1.95,clear sky
100,Zawiercie,PL,50.4877,19.4168,36.0,83,95,6.22,overcast clouds
101,Vanimo,PG,-2.6741,141.3028,81.41,70,100,1.36,overcast clouds
102,Maniitsoq,GL,65.4167,-52.9,40.37,77,100,3.62,overcast clouds
103,Straznice,CZ,48.901,17.3168,36.0,68,97,1.77,overcast clouds
104,Pochutla,MX,15.7432,-96.4661,84.2,65,90,9.22,overcast clouds
105,Tuktoyaktuk,CA,69.4541,-133.0374,14.0,85,90,17.27,light snow
106,Vao,NC,-22.6667,167.4833,74.46,69,62,15.43,broken clouds
107,Torbay,CA,47.6666,-52.7314,43.0,65,1,12.66,clear sky
108,Kaeo,NZ,-35.1,173.7833,64.99,75,17,1.01,few clouds
109,Kolokani,ML,13.5728,-8.0339,87.24,28,78,6.96,broken clouds
110,Carberry,CA,49.8689,-99.3602,42.01,75,90,9.22,overcast clouds
111,Zhangye,CN,38.9342,100.4517,42.64,21,100,5.21,overcast clouds
112,Carnarvon,AU,-24.8667,113.6333,78.8,31,0,6.91,clear sky
113,Saskylakh,RU,71.9167,114.0833,14.65,93,100,23.4,light snow
114,Bisira,PA,8.5196,-81.7115,60.67,92,73,5.68,broken clouds
115,Lardos,GR,36.0942,28.0157,62.6,82,0,18.41,clear sky
116,Ailigandi,PA,9.2333,-78.0167,80.08,81,76,11.23,broken clouds
117,Asau,RO,46.4333,26.4,42.01,61,32,1.72,scattered clouds
118,Flinders,AU,-34.5833,150.8552,70.0,62,0,1.99,clear sky
119,Kavieng,PG,-2.5744,150.7967,83.35,69,83,3.33,broken clouds
120,Nuuk,GL,64.1835,-51.7216,37.4,87,75,6.91,broken clouds
121,Fortuna,US,40.5982,-124.1573,54.0,81,75,10.36,broken clouds
122,Hobyo,SO,5.3505,48.5268,83.16,64,67,9.08,broken clouds
123,Berezniki,RU,59.4152,56.8124,35.01,100,100,3.0,overcast clouds
124,Portland,US,45.5234,-122.6762,57.99,58,75,10.36,broken clouds
125,Punta Arenas,CL,-53.15,-70.9167,48.2,87,75,3.44,light rain
126,Kharp,RU,66.8014,65.8081,33.22,98,100,7.18,light snow
127,Bethel,US,41.3712,-73.414,52.0,76,1,5.95,clear sky
128,Acarigua,VE,9.5545,-69.1956,78.8,69,96,13.8,overcast clouds
129,Borzya,RU,50.3833,116.5167,56.71,42,100,21.94,overcast clouds
130,Airai,TL,-8.9266,125.4092,68.7,46,38,2.82,scattered clouds
131,Crateus,BR,-5.1783,-40.6775,72.86,86,73,1.05,broken clouds
132,Margate,GB,51.3813,1.3862,43.0,70,10,4.0,clear sky
133,Culiacan,MX,24.7994,-107.3897,82.0,36,75,5.75,broken clouds
134,Chuy,UY,-33.6971,-53.4616,58.86,84,7,9.01,clear sky
135,Shieli,KZ,44.1667,66.75,55.72,41,6,11.27,clear sky
136,Salalah,OM,17.0151,54.0924,82.4,74,40,8.05,scattered clouds
137,Pisco,PE,-13.7,-76.2167,64.4,88,75,3.44,broken clouds
138,Faya,SA,18.3851,42.4509,60.8,59,40,7.65,light rain
139,Labuhan,ID,-6.8844,112.2051,81.19,78,0,10.25,clear sky
140,Rio Gallegos,AR,-51.6226,-69.2181,55.4,47,0,11.5,clear sky
141,Lukulu,ZM,-14.3707,23.242,64.0,71,72,5.97,broken clouds
142,Ternate,ID,0.8,127.4,84.11,70,57,4.81,broken clouds
143,Mana,GF,5.6592,-53.7767,77.32,89,100,9.82,overcast clouds
144,Marshall,US,34.3834,-86.3333,60.01,63,1,3.91,clear sky
145,Severo-Kurilsk,RU,50.6789,156.125,32.54,97,100,13.02,snow
146,Ixtapa,MX,20.7,-105.2,79.0,78,90,10.36,overcast clouds
147,Mehamn,NO,71.0357,27.8492,32.05,84,98,8.95,light snow
148,Tasiilaq,GL,65.6145,-37.6368,39.2,60,90,13.8,overcast clouds
149,Mizdah,LY,31.4451,12.9801,58.19,72,100,10.16,overcast clouds
150,Lavrentiya,RU,65.5833,-171.0,32.56,94,95,1.57,overcast clouds
151,Egvekinot,RU,66.3167,-179.1667,28.69,88,9,1.5,clear sky
152,Carmelo,UY,-33.9892,-58.2856,63.0,82,0,3.44,clear sky
153,Ostersund,SE,63.1792,14.6357,28.0,74,26,8.05,scattered clouds
154,Alice Springs,AU,-23.7,133.8833,73.99,28,0,16.11,clear sky
155,Georgetown,MY,5.4112,100.3354,82.4,89,20,5.75,few clouds
156,Minas,UY,-34.3759,-55.2377,64.4,68,20,16.11,few clouds
157,Victoria,HK,22.2855,114.1577,75.0,78,100,4.0,overcast clouds
158,Chitral,PK,35.8462,71.7858,56.68,41,3,7.05,clear sky
159,Xuanzhou,CN,30.9525,118.7553,61.47,95,100,1.19,overcast clouds
160,Omboue,GA,-1.5746,9.2618,79.05,84,62,3.85,broken clouds
161,Tecoanapa,MX,16.5167,-98.75,82.29,74,71,4.34,broken clouds
162,Meadow Lake,US,34.8014,-106.5436,81.0,4,75,12.66,broken clouds
163,Lianyuan,CN,27.6883,111.6642,59.99,90,100,1.32,overcast clouds
164,Kodiak,US,57.79,-152.4072,42.8,81,90,8.05,overcast clouds
165,Hasaki,JP,35.7333,140.8333,57.0,30,20,18.41,few clouds
166,Juneau,US,58.3019,-134.4197,62.6,20,20,8.05,few clouds
167,Mahebourg,MU,-20.4081,57.7,75.2,94,75,11.5,light rain
168,Sitka,US,57.0531,-135.33,57.2,44,1,3.44,clear sky
169,Maputo,MZ,-25.9653,32.5892,70.0,88,0,4.61,clear sky
170,Arraial Do Cabo,BR,-22.9661,-42.0278,74.26,84,81,10.51,broken clouds
171,Cozumel,MX,20.5083,-86.9458,82.0,78,1,4.61,clear sky
172,Freeport,US,40.6576,-73.5832,57.99,62,1,6.89,clear sky
173,Ifanadiana,MG,-21.3,47.6333,65.34,98,100,1.83,overcast clouds
174,Xining,CN,36.6167,101.7667,40.98,69,53,5.28,broken clouds
175,Chapais,CA,49.7834,-74.8492,32.0,93,90,17.27,light snow
176,Sao Filipe,CV,14.8961,-24.4956,71.74,71,100,8.57,overcast clouds
177,Luderitz,NA,-26.6481,15.1594,61.43,91,96,3.06,overcast clouds
178,Pangkalanbuun,ID,-2.6833,111.6167,83.62,71,52,3.38,broken clouds
179,Palmares Do Sul,BR,-30.2578,-50.5097,67.46,58,96,14.99,overcast clouds
180,Sa Kaeo,TH,13.75,102.3333,81.64,77,93,5.53,overcast clouds
181,Pevek,RU,69.7008,170.3133,23.61,88,99,7.47,overcast clouds
182,Liepaja,LV,56.5419,21.0367,35.6,87,90,4.61,overcast clouds
183,Nizhneangarsk,RU,55.7833,109.55,33.78,66,100,6.44,overcast clouds
184,Grootfontein,NA,-19.5667,18.1167,57.0,34,0,4.32,clear sky
185,Mount Gambier,AU,-37.8333,140.7667,57.2,88,90,3.47,overcast clouds
186,Yellowknife,CA,62.456,-114.3525,10.0,78,90,10.36,light snow
187,Plainview,US,40.7765,-73.4673,55.99,62,1,4.59,clear sky
188,Henties Bay,NA,-22.116,14.2845,61.0,92,6,1.01,clear sky
189,Souillac,MU,-20.5167,57.5167,75.2,94,75,11.5,light rain
190,Foz Do Iguacu,BR,-25.5478,-54.5881,66.2,100,40,3.44,light rain
191,Tadine,NC,-21.55,167.8833,75.33,77,100,12.19,overcast clouds
192,Ponta Do Sol,PT,32.6667,-17.1,57.99,86,55,4.0,broken clouds
193,West Plains,US,36.7281,-91.8524,66.2,52,1,10.36,clear sky
194,Pangnirtung,CA,66.1451,-65.7125,30.67,85,96,4.74,overcast clouds
195,Acapulco,MX,16.8634,-99.8901,82.4,78,90,5.75,overcast clouds
196,Idar,DE,49.7167,7.3,37.99,69,0,5.75,clear sky
197,Bilibino,RU,68.0546,166.4372,22.46,79,100,3.06,overcast clouds
198,Jinka,ET,5.65,36.65,61.52,94,100,2.3,light rain
199,Aksu,CN,41.1231,80.2644,55.04,30,6,6.26,clear sky
200,Caravelas,BR,-17.7125,-39.2481,76.01,82,4,6.98,clear sky
201,Fort Morgan,US,40.2503,-103.8,73.4,15,1,10.36,clear sky
202,Bokoro,TD,12.3807,17.0568,83.8,36,30,8.39,scattered clouds
203,Havelock,US,34.8791,-76.9013,57.99,77,1,3.42,clear sky
204,Beloha,MG,-25.1667,45.05,70.43,74,0,5.86,clear sky
205,Sechura,PE,-5.5569,-80.8222,71.62,71,85,18.12,overcast clouds
206,Dharchula,IN,29.85,80.5333,63.21,28,0,8.23,clear sky
207,Coquimbo,CL,-29.9533,-71.3436,55.4,88,0,3.44,clear sky
208,Valdivia,CL,-39.8142,-73.2459,46.4,100,40,0.11,scattered clouds
209,Chicama,PE,-7.8447,-79.1469,64.4,88,14,12.66,few clouds
210,Russell,US,32.3502,-85.1999,69.8,67,1,5.75,clear sky
211,Baracoa,CU,20.3467,-74.4958,77.76,84,60,4.03,broken clouds
212,Songea,TZ,-10.6833,35.65,66.2,94,40,5.75,scattered clouds
213,Wanaka,NZ,-44.7,169.15,46.99,88,100,3.0,overcast clouds
214,Naze,JP,28.3667,129.4833,75.2,57,75,16.11,broken clouds
215,Saint-Philippe,RE,-21.3585,55.7679,77.0,73,0,19.57,light rain
216,Lerwick,GB,60.1545,-1.1494,41.0,93,100,5.75,overcast clouds
217,Kalianget,ID,-7.05,113.9333,84.04,67,19,12.26,few clouds
218,La Ronge,CA,55.1001,-105.2842,37.4,41,100,9.22,overcast clouds
219,Avera,US,33.194,-82.5271,69.8,68,90,5.88,overcast clouds
220,Luoyang,CN,34.6836,112.4536,61.48,68,97,5.48,moderate rain
221,Jarinu,BR,-23.1014,-46.7283,71.6,64,0,3.44,clear sky
222,Jodhpur,IN,26.2867,73.03,79.88,10,0,5.7,clear sky
223,Orotukan,RU,62.2667,151.7,16.43,68,14,4.43,few clouds
224,Narsaq,GL,60.9167,-46.05,50.0,32,75,33.38,broken clouds
225,Qasigiannguit,GL,68.8193,-51.1922,48.2,46,20,19.57,few clouds
226,Tiksi,RU,71.6872,128.8694,28.2,95,100,7.31,light snow
227,Kidal,ML,18.4411,1.4078,86.13,7,4,3.53,clear sky
228,Jesus Maria,AR,-30.9815,-64.0942,62.01,87,0,5.75,clear sky
229,Codrington,AU,-38.2667,141.9667,61.41,63,100,8.23,overcast clouds
230,Acarau,BR,-2.8856,-40.12,77.72,80,6,8.93,clear sky
231,Eenhana,NA,-17.4667,16.3333,64.4,55,0,2.3,clear sky
232,Gazanjyk,TM,39.2446,55.5154,71.28,41,0,1.77,clear sky
233,Kirakira,SB,-10.4544,161.9205,84.27,75,78,1.05,broken clouds
234,Berlevag,NO,70.8578,29.0864,30.02,84,99,14.56,overcast clouds
235,Yenagoa,NG,4.9247,6.2642,78.46,88,86,2.57,overcast clouds
236,Sol-Iletsk,RU,51.1631,54.9918,39.78,59,83,3.11,broken clouds
237,Galesong,ID,-5.3166,119.3661,80.6,89,20,3.44,few clouds
238,Kwekwe,ZW,-18.9281,29.8149,61.9,56,24,4.38,few clouds
239,Baykit,RU,61.67,96.37,30.34,72,15,4.99,few clouds
240,Outjo,NA,-20.1167,16.15,62.01,37,4,5.23,clear sky
241,Gweta,BW,-20.1833,25.2333,67.26,28,82,5.84,broken clouds
242,Muli,MV,2.9167,73.5667,82.83,70,100,5.3,overcast clouds
243,Neveklov,CZ,49.7537,14.5329,34.0,86,6,0.78,clear sky
244,Altay,CN,47.8667,88.1167,34.56,30,94,5.1,overcast clouds
245,Leku,ET,6.8667,38.45,60.49,92,100,0.45,light rain
246,Seoul,KR,37.5683,126.9778,62.6,27,40,10.36,scattered clouds
247,Port Lincoln,AU,-34.7333,135.8667,64.67,66,1,7.99,clear sky
248,Vyartsilya,RU,62.1764,30.693,38.59,89,88,10.94,light rain
249,Saint-Joseph,RE,-21.3667,55.6167,77.0,73,0,19.57,light rain
250,Kropotkin,RU,45.4375,40.5756,48.0,82,100,10.16,light rain
251,Waynesville,US,35.4887,-82.9887,53.6,54,1,6.91,clear sky
252,Payo,ID,-3.7508,103.6372,79.23,76,73,1.34,broken clouds
253,San Quintin,MX,30.4833,-115.95,61.09,68,72,11.18,broken clouds
254,Lodeynoye Pole,RU,60.726,33.5531,35.65,98,100,3.56,overcast clouds
255,Norman Wells,CA,65.282,-126.8329,37.4,38,20,13.8,few clouds
256,Port Moresby,PG,-9.4431,147.1797,83.23,71,92,8.95,overcast clouds
257,Santa Cruz,BO,-17.8,-63.1667,66.2,94,20,6.91,few clouds
258,Olafsvik,IS,64.8945,-23.7142,39.2,89,7,14.23,clear sky
259,Ust-Maya,RU,60.4167,134.5333,34.92,93,100,4.5,overcast clouds
260,Samarai,PG,-10.6167,150.6667,85.14,69,59,11.54,broken clouds
261,Salinopolis,BR,-0.6136,-47.3561,78.98,84,65,8.39,broken clouds
262,Carutapera,BR,-1.195,-46.02,76.14,91,16,4.76,few clouds
263,Los Llanos De Aridane,ES,28.6585,-17.9182,68.0,68,75,5.75,broken clouds
264,Bakchar,RU,57.0186,82.0711,37.44,91,100,3.94,overcast clouds
265,Ardakan,IR,32.31,54.0175,72.34,34,100,5.5,overcast clouds
266,Longyearbyen,SJ,78.2186,15.6401,14.0,67,20,3.44,few clouds
267,Mumford,GH,5.2618,-0.759,81.34,83,99,7.36,overcast clouds
268,Badulla,LK,6.9895,81.0557,69.19,80,100,3.47,overcast clouds
269,Hazorasp,UZ,41.3194,61.0742,57.2,35,0,4.61,clear sky
270,Ocean City,US,39.2776,-74.5746,57.99,62,1,6.91,clear sky
271,Namuac,PH,18.6109,121.1657,79.2,71,68,12.48,broken clouds
272,Beringovskiy,RU,63.05,179.3167,31.73,90,72,1.43,broken clouds
273,Lovington,US,32.944,-103.3485,86.0,4,1,12.66,clear sky
274,Cranbrook,CA,49.4999,-115.7688,44.6,81,75,9.22,broken clouds
275,Pangai,TO,-19.8,-174.35,84.2,70,40,12.66,scattered clouds
276,Honiara,SB,-9.4333,159.95,87.15,67,60,5.17,broken clouds
277,Harrison,US,30.4091,-89.0436,69.8,68,1,2.44,clear sky
278,Brae,GB,60.3964,-1.353,41.0,93,100,5.75,overcast clouds
279,Ulladulla,AU,-35.35,150.4667,62.6,59,20,6.91,few clouds
280,Dolores,AR,-36.3132,-57.6792,52.02,86,0,6.87,clear sky
281,Inyonga,TZ,-6.7167,32.0667,62.13,97,91,3.74,overcast clouds
282,Silanga,PH,11.8181,124.8431,81.19,73,23,4.29,few clouds
283,Arlit,NE,18.7369,7.3853,88.74,10,35,9.84,scattered clouds
284,Vila Franca Do Campo,PT,37.7167,-25.4333,59.0,77,75,10.36,broken clouds
285,Kyra,RU,49.5776,111.9753,45.75,47,4,10.16,clear sky
286,Jiexiu,CN,37.0244,111.9125,59.79,57,6,6.98,clear sky
287,Storforshei,NO,66.4043,14.5233,16.88,91,23,2.82,few clouds
288,Dzaoudzi,YT,-12.7887,45.2699,77.0,88,0,8.05,light rain
289,Karratha,AU,-20.7377,116.8463,82.9,33,0,10.98,clear sky
290,Paramonga,PE,-10.6667,-77.8333,67.51,84,29,7.85,scattered clouds
291,Vadso,NO,70.0744,29.7487,24.8,74,40,3.44,scattered clouds
292,Loreto,MX,22.2667,-101.9667,73.85,32,85,22.28,overcast clouds
293,Talnakh,RU,69.4865,88.3972,5.61,88,94,6.98,overcast clouds
294,Fjerritslev,DK,57.0813,9.2664,35.6,87,75,4.61,broken clouds
295,Svetlogorsk,BY,52.6333,29.7333,30.31,83,48,5.48,scattered clouds
296,Klaksvik,FO,62.2266,-6.589,44.6,87,100,17.27,overcast clouds
297,Candido Mendes,BR,-1.4467,-45.7167,74.57,94,33,2.71,scattered clouds
298,Haskovo,BG,41.9403,25.5694,46.99,87,5,4.61,clear sky
299,Lang Son,VN,21.8333,106.7333,70.66,96,100,4.83,moderate rain
300,Rio Grande,BR,-32.035,-52.0986,61.0,85,39,3.0,scattered clouds
301,Krasnoarmeyskoye,RU,52.7182,50.0322,38.26,68,92,9.93,overcast clouds
302,Srednekolymsk,RU,67.45,153.6833,23.59,71,6,8.9,clear sky
303,Nome,US,64.5011,-165.4064,46.4,61,1,4.68,clear sky
304,Iqaluit,CA,63.7506,-68.5145,32.0,93,75,3.44,broken clouds
305,Floro,NO,61.5996,5.0328,37.4,60,90,8.05,overcast clouds
306,Dire Dawa,ET,9.5931,41.8661,70.65,73,100,4.14,overcast clouds
307,Yulara,AU,-25.2406,130.9889,71.6,28,0,18.41,clear sky
308,Raga,SS,8.4596,25.678,72.95,77,100,7.83,overcast clouds
309,Tahe,CN,52.3333,124.7333,56.97,26,94,5.53,overcast clouds
310,Dickinson,US,29.4608,-95.0513,71.6,68,1,8.05,clear sky
311,Yuxia,CN,34.0615,108.6291,51.8,100,75,4.47,mist
312,Mayo,US,38.8876,-76.5119,59.0,72,100,10.02,overcast clouds
313,Hambantota,LK,6.1241,81.1185,77.0,100,20,5.48,few clouds
314,Ihosy,MG,-22.4,46.1167,64.71,91,92,6.08,overcast clouds
315,Bengkulu,ID,-3.8004,102.2655,79.16,78,54,4.05,broken clouds
316,Ibimirim,BR,-8.5406,-37.6903,72.55,84,0,10.4,clear sky
317,Beibei,CN,29.8256,106.4339,60.01,100,90,2.24,mist
318,Banjar,ID,-8.19,114.9675,84.2,79,20,3.44,few clouds
319,Puerto Baquerizo Moreno,EC,-0.9,-89.6,75.56,83,3,8.19,clear sky
320,Rafai,CF,4.95,23.9167,68.88,99,100,1.95,overcast clouds
321,Qixingtai,CN,30.4135,111.8874,62.01,78,98,7.56,overcast clouds
322,Faanui,PF,-16.4833,-151.75,81.16,64,2,1.36,clear sky
323,Bosaso,SO,11.2842,49.1816,84.27,65,13,7.05,few clouds
324,Sinnamary,GF,5.3833,-52.95,77.56,89,100,9.8,overcast clouds
325,Kupang,ID,-10.1667,123.5833,80.64,57,93,8.12,overcast clouds
326,Kununurra,AU,-15.7667,128.7333,87.8,33,100,14.97,overcast clouds
327,Lasa,IT,46.6166,10.7002,52.0,75,0,3.44,clear sky
328,Ruston,US,32.5232,-92.6379,68.0,52,1,3.44,clear sky
329,Baheri,IN,28.7833,79.5,76.32,17,0,4.38,clear sky
330,Ancud,CL,-41.8697,-73.8203,54.0,93,75,1.14,broken clouds
331,Bambanglipuro,ID,-7.95,110.2833,80.62,73,1,3.71,clear sky
332,Akyab,MM,20.15,92.9,82.69,75,15,0.67,few clouds
333,Vilyuysk,RU,63.7553,121.6247,33.28,99,100,6.13,overcast clouds
334,Taft,IR,31.7471,54.2088,69.75,32,100,3.09,overcast clouds
335,Sirawai,PH,7.5854,122.1407,85.06,65,56,1.9,broken clouds
336,Vegreville,CA,53.5001,-112.0518,48.2,15,75,10.36,broken clouds
337,Touros,BR,-5.1989,-35.4608,78.8,83,40,4.61,scattered clouds
338,Balabac,PH,7.9868,117.0645,83.43,73,74,6.82,broken clouds
339,Leningradskiy,RU,69.3833,178.4167,28.63,83,100,1.23,overcast clouds
340,Cidreira,BR,-30.1811,-50.2056,67.3,63,100,11.63,overcast clouds
341,Boende,CD,-0.2167,20.8667,73.02,89,100,2.3,overcast clouds
342,Winnemucca,US,40.973,-117.7357,46.4,66,90,12.66,overcast clouds
343,Chimbarongo,CL,-34.7,-71.05,57.0,71,0,2.3,clear sky
344,Honggang,CN,46.4667,124.8667,58.15,22,100,14.27,overcast clouds
345,Nynashamn,SE,58.9034,17.9479,35.01,80,90,6.91,overcast clouds
346,Morondava,MG,-20.2833,44.2833,74.5,77,100,5.61,overcast clouds
347,Lorengau,PG,-2.0226,147.2712,85.41,65,72,3.2,broken clouds
348,Vytegra,RU,61.0064,36.4481,38.1,98,100,2.98,light rain
349,Atambua,ID,-9.1061,124.8925,78.98,52,2,3.78,clear sky
350,Grand-Santi,GF,4.25,-54.3833,73.65,98,100,2.21,overcast clouds
351,Erice,IT,38.037,12.5865,62.01,100,0,5.75,clear sky
352,Port Hawkesbury,CA,45.6169,-61.3485,44.6,81,90,11.5,light rain
353,Khani,GE,41.9563,42.9566,51.8,93,20,3.44,few clouds
354,Vardo,NO,70.3705,31.1107,31.53,68,28,6.13,scattered clouds
355,Boralday,KZ,43.3578,76.8594,55.4,50,75,6.71,broken clouds
356,Puerto Colombia,CO,10.9878,-74.9547,80.6,83,75,12.66,broken clouds
357,Apiai,BR,-24.5094,-48.8425,60.03,82,77,2.21,broken clouds
358,Fuling,CN,29.7022,107.3919,60.75,93,100,1.88,overcast clouds
359,Port Keats,AU,-14.25,129.55,85.59,41,100,6.82,overcast clouds
360,Prachuap Khiri Khan,TH,12.2167,99.75,87.01,78,20,3.71,few clouds
361,Gambela,ET,8.25,34.5833,73.11,86,100,3.49,light rain
362,Mountain Brook,US,33.5009,-86.7522,61.0,67,1,3.44,clear sky
363,Vagur,FO,61.4732,-6.8119,45.05,87,100,18.59,overcast clouds
364,Plouzane,FR,48.3833,-4.6167,46.4,87,0,19.57,clear sky
365,Camacupa,AO,-12.0167,17.4833,63.05,61,95,2.48,overcast clouds
366,Celestun,MX,20.8667,-90.4,80.1,75,3,13.02,clear sky
367,Benjamin Constant,BR,-4.3831,-70.0311,75.2,94,75,4.61,broken clouds
368,Bay Roberts,CA,47.5999,-53.2648,43.0,77,7,3.0,clear sky
369,Dagana,MR,16.5165,-15.5068,71.01,47,0,11.88,clear sky
370,Waingapu,ID,-9.6567,120.2641,81.93,64,33,12.01,scattered clouds
371,Impfondo,CG,1.6381,18.0667,71.67,94,41,3.27,scattered clouds
372,Meulaboh,ID,4.1363,96.1285,79.09,79,100,2.91,overcast clouds
373,Broken Hill,AU,-31.95,141.4333,64.4,48,0,3.44,clear sky
374,Kisesa,TZ,-3.0833,34.15,62.53,92,98,4.47,overcast clouds
375,Bilma,NE,18.6853,12.9164,86.45,12,1,7.96,clear sky
376,Achit,RU,56.7985,57.8994,34.97,82,9,11.25,clear sky
377,Eufaula,US,31.8913,-85.1455,68.0,60,1,3.44,clear sky
378,Kashi,CN,39.4547,75.9797,55.4,28,20,6.71,few clouds
379,Monroe,US,43.1501,-77.6831,39.99,70,75,14.97,broken clouds
380,Mattru,SL,7.6244,-11.8332,77.5,91,100,2.95,overcast clouds
381,Rawson,AR,-43.3002,-65.1023,61.32,51,68,20.58,broken clouds
382,Bambous Virieux,MU,-20.3428,57.7575,75.2,94,75,11.5,light rain
383,Pelotas,BR,-31.7719,-52.3425,61.0,85,16,3.0,light rain
384,Poum,NC,-20.2333,164.0167,77.2,72,84,21.39,broken clouds
385,Ponta Delgada,PT,37.7333,-25.6667,59.0,77,75,10.36,broken clouds
386,Deputatskiy,RU,69.3,139.9,25.63,85,67,4.7,broken clouds
387,Bahia Blanca,AR,-38.7196,-62.2724,56.62,70,0,6.04,clear sky
388,Curuca,BR,-0.7289,-47.8481,74.82,93,73,3.87,broken clouds
389,Shakawe,BW,-18.3667,21.85,61.54,52,42,3.74,scattered clouds
390,Dutse,NG,11.7594,9.3392,81.18,47,86,7.58,overcast clouds
391,Sioux Lookout,CA,50.1001,-91.917,46.4,25,75,8.05,broken clouds
392,Cabo San Lucas,MX,22.8909,-109.9124,79.0,29,90,11.5,overcast clouds
393,Sangar,RU,63.9242,127.4739,28.0,94,100,14.52,snow
394,Guerrero Negro,MX,27.9769,-114.0611,61.59,75,100,16.33,overcast clouds
395,Marystown,CA,47.1666,-55.1483,38.91,78,77,5.59,broken clouds
396,Hirara,JP,24.8,125.2833,75.2,64,20,13.8,few clouds
397,Port Hedland,AU,-20.3167,118.5667,78.8,24,0,14.97,clear sky
398,Sombor,RS,45.7742,19.1122,51.8,43,0,9.22,clear sky
399,Nazca,PE,-14.8333,-74.95,70.66,67,5,4.72,clear sky
400,Santa Helena,BR,-2.2311,-45.3,73.51,97,96,2.19,overcast clouds
401,Mildura,AU,-34.2,142.15,68.0,52,0,1.14,clear sky
402,Dingle,PH,10.9995,122.6711,85.23,64,79,4.36,light rain
403,Nhulunbuy,AU,-12.2333,136.7667,82.4,78,90,5.75,overcast clouds
404,Luzhou,CN,28.8724,105.4405,60.3,89,100,3.49,overcast clouds
405,Takoradi,GH,4.8845,-1.7554,79.74,85,100,6.29,overcast clouds
406,Lagoa,PT,39.05,-27.9833,59.14,84,100,11.21,overcast clouds
407,Cap Malheureux,MU,-19.9842,57.6142,75.0,89,100,5.99,moderate rain
408,Radcliff,US,37.8404,-85.9491,55.4,71,1,2.71,clear sky
409,Korla,CN,41.7597,86.1469,49.73,21,26,3.74,scattered clouds
410,Takayama,JP,36.1333,137.25,55.0,35,20,14.97,few clouds
411,Tezu,IN,27.9167,96.1667,86.14,18,3,0.89,clear sky
412,Mount Isa,AU,-20.7333,139.5,82.4,42,100,16.11,overcast clouds
413,Ust-Karsk,RU,52.7011,118.8077,56.86,22,100,9.37,overcast clouds
414,Waw,SS,7.7029,27.9953,73.9,79,99,5.1,overcast clouds
415,Dalbandin,PK,28.8947,64.4101,74.21,16,1,3.09,clear sky
416,Jiaojiang,CN,28.6803,121.4428,72.0,99,6,4.83,clear sky
417,Auerbach,DE,50.5167,12.4,33.01,86,12,1.45,few clouds
418,Lompoc,US,34.6391,-120.4579,55.4,82,100,9.22,overcast clouds
419,Marzuq,YE,14.4,46.4667,68.16,69,85,6.04,overcast clouds
420,Shache,CN,38.4167,77.2406,57.45,24,0,8.66,clear sky
421,Sur,OM,22.5667,59.5289,83.17,43,10,7.25,clear sky
422,Bandarbeyla,SO,9.4942,50.8122,81.7,73,100,7.05,overcast clouds
423,Mayumba,GA,-3.432,10.6554,77.13,88,58,2.1,moderate rain
424,Jiangyou,CN,31.7667,104.7167,61.45,78,100,1.52,overcast clouds
425,Sumbe,AO,-11.2061,13.8437,78.78,88,90,6.17,overcast clouds
426,Kalemie,CD,-5.9475,29.1947,70.48,89,100,2.95,light rain
427,Jacareacanga,BR,-6.2222,-57.7528,74.39,96,22,1.54,few clouds
428,Tomatlan,MX,19.9333,-105.25,79.75,60,100,6.76,overcast clouds
429,Tiruvannamalai,IN,12.2167,79.0667,79.92,80,67,4.16,broken clouds
430,Fairbanks,US,64.8378,-147.7164,66.2,29,1,4.61,haze
431,San Patricio,US,28.017,-97.5169,75.0,78,75,11.5,broken clouds
432,Sambava,MG,-14.2667,50.1667,73.22,88,99,8.16,overcast clouds
433,Formosa,AR,-26.1775,-58.1781,62.6,94,0,2.3,clear sky
434,Ouesso,CG,1.6136,16.0517,73.58,82,99,1.34,light rain
435,Parnamirim,BR,-5.9156,-35.2628,80.6,78,20,9.22,few clouds
436,Sorong,ID,-0.8833,131.25,82.92,70,73,5.17,broken clouds
437,Araouane,ML,18.9048,-3.5265,88.29,14,4,5.79,clear sky
438,Mandalgovi,MN,45.7625,106.2708,29.55,86,99,25.14,light snow
439,Kavaratti,IN,10.5669,72.642,83.7,73,35,6.08,scattered clouds
440,Bedesa,ET,8.9,40.7833,62.1,91,100,3.8,moderate rain
441,Ornskoldsvik,SE,63.2909,18.7153,32.0,55,90,9.22,overcast clouds
442,Marquette,US,46.5333,-87.6335,32.0,56,93,1.99,overcast clouds
443,Sapa,PH,5.1544,120.3241,83.7,68,10,1.43,clear sky
444,Astana,KZ,51.1801,71.446,44.6,76,0,8.95,clear sky
445,Mitzic,GA,0.7821,11.549,69.37,96,97,1.92,light rain
446,Birin,NP,26.8865,88.0718,67.75,26,3,3.53,clear sky
447,Stony Mountain,CA,50.0864,-97.2196,46.4,49,90,21.85,overcast clouds
448,Senador Pompeu,BR,-5.5881,-39.3717,73.45,80,11,1.88,few clouds
449,Clyde River,CA,70.4692,-68.5914,23.0,100,90,26.46,mist
450,Lata,PT,40.1629,-8.3327,57.99,88,20,5.75,few clouds
451,Berdigestyakh,RU,62.0989,126.6992,34.97,99,100,6.04,overcast clouds
452,Wajima,JP,37.4,136.9,48.2,40,20,9.22,few clouds
453,Requena,ES,39.4883,-1.1004,57.0,84,100,7.0,moderate rain
454,Dali,CN,25.7,100.1833,67.89,31,0,3.42,clear sky
455,Katobu,ID,-4.9408,122.5276,84.36,62,79,4.9,broken clouds
456,Sola,VU,-13.8833,167.55,89.6,74,40,2.3,scattered clouds
457,Mackay,AU,-21.15,149.2,77.0,73,75,14.97,broken clouds
458,Shimoda,JP,34.6667,138.95,55.4,38,20,25.32,few clouds
459,Ilo,PE,-17.6394,-71.3375,67.19,83,32,4.97,scattered clouds
460,Praya,CV,14.9215,-23.5087,69.8,73,75,16.11,broken clouds
461,Ikom,NG,5.9667,8.7063,74.1,97,100,0.63,moderate rain
462,Walvis Bay,NA,-22.9575,14.5053,61.0,94,72,1.14,broken clouds
463,Arroyo,ES,41.6096,-4.7969,51.01,100,0,5.75,clear sky
464,Matagami,CA,49.7502,-77.6328,21.2,86,90,17.27,light snow
465,Sao Joao Da Barra,BR,-21.6403,-41.0511,74.46,89,99,4.74,overcast clouds
466,Tabuk,PH,17.4189,121.4443,79.63,61,12,4.23,few clouds
467,Pasighat,IN,28.0667,95.3333,82.33,30,0,2.26,clear sky
468,Gander,CA,48.9682,-54.5906,44.6,57,20,2.3,few clouds
469,Rio De Janeiro,BR,-22.9028,-43.2075,75.2,83,20,2.3,few clouds
470,Pemba,MZ,-12.974,40.5178,73.4,94,75,8.05,broken clouds
471,Fethiye,TR,36.6217,29.1164,62.6,77,0,11.5,clear sky
472,Teya,RU,60.3778,92.6267,33.58,74,86,6.44,overcast clouds
473,Peleduy,RU,59.6289,112.7406,34.18,94,100,11.34,light snow
474,Ust-Tarka,RU,55.5672,75.705,43.0,54,95,12.24,overcast clouds
475,Padang,ID,-0.9492,100.3543,80.6,78,96,2.13,overcast clouds
476,Dhanaula,IN,30.2833,75.5833,76.55,16,0,2.57,clear sky
477,Auki,SB,-8.7676,160.7034,85.21,71,100,4.88,overcast clouds
478,San Nicolas,PH,18.1725,120.5953,84.2,58,75,4.61,broken clouds
479,Tabou,CI,4.423,-7.3528,76.53,88,100,3.85,overcast clouds
480,Bogo,PH,11.0517,124.0055,82.89,71,55,7.27,broken clouds
481,Kuching,MY,1.55,110.3333,80.6,89,20,2.3,few clouds
482,Gonen,TR,40.1049,27.654,54.0,81,40,16.11,scattered clouds
483,Malakal,SS,9.5334,31.6605,75.25,77,100,7.9,overcast clouds
484,Thinadhoo,MV,0.5333,72.9333,82.2,64,75,4.14,broken clouds
485,Peniche,PT,39.3558,-9.3811,57.99,90,95,8.99,overcast clouds
486,Constitucion,CL,-35.3333,-72.4167,56.97,81,0,10.16,clear sky
487,Matara,LK,5.9485,80.5353,76.91,88,100,3.27,overcast clouds
488,Preobrazheniye,RU,42.9019,133.9064,47.08,45,7,7.87,clear sky
489,Rhyl,GB,53.3196,-3.4886,43.0,78,7,3.0,clear sky
490,Morant Bay,JM,17.8815,-76.4093,80.6,78,20,4.61,few clouds
491,Mitsamiouli,KM,-11.3847,43.2844,80.47,76,100,5.26,overcast clouds
492,Katsuura,JP,35.1333,140.3,57.0,35,0,17.27,clear sky
493,Ormara,PK,25.2088,64.6357,80.96,69,5,3.47,clear sky
494,Anadyr,RU,64.75,177.4833,26.6,93,90,2.24,fog
495,Dunedin,NZ,-45.8742,170.5036,61.0,32,50,23.0,scattered clouds
496,Jalu,LY,29.0331,21.5482,62.73,54,0,10.67,clear sky
497,Namatanai,PG,-3.6667,152.4333,83.86,68,100,3.42,overcast clouds
498,Lumut,MY,4.2323,100.6298,77.0,94,20,3.49,few clouds
499,Gwadar,PK,25.1216,62.3254,80.1,69,99,3.91,overcast clouds
500,Manyana,BW,-23.4,21.7167,61.65,31,3,3.74,clear sky
501,Fasa,IR,28.9383,53.6482,60.8,44,0,4.61,clear sky
502,Boyolangu,ID,-8.1181,111.8935,80.13,77,51,1.79,broken clouds
503,Pingdingshan,CN,33.7385,113.3012,58.3,73,98,3.2,overcast clouds
504,Petropavl,KZ,54.8753,69.1628,43.75,74,100,9.08,overcast clouds
505,Manicore,BR,-5.8092,-61.3003,78.8,94,75,4.61,moderate rain
506,Svetlyy,RU,54.675,20.1347,34.0,93,40,6.71,light snow
507,Yeppoon,AU,-23.1333,150.7333,77.0,47,40,11.5,scattered clouds
508,Riachao,BR,-7.3619,-46.6172,73.2,87,100,2.66,overcast clouds
509,Grindavik,IS,63.8424,-22.4338,39.2,93,0,14.97,clear sky
510,Coahuayana,MX,18.7333,-103.6833,78.8,50,40,11.5,scattered clouds
511,Zeya,RU,53.75,127.2667,51.44,38,100,6.17,overcast clouds
512,General Pico,AR,-35.6566,-63.7568,51.96,74,0,5.06,clear sky
513,Powell River,CA,49.8496,-124.5361,53.6,76,75,6.91,broken clouds
514,Adre,TD,13.4667,22.2,80.4,17,76,9.01,broken clouds
515,Fujin,CN,47.26,132.0322,52.54,22,75,6.93,broken clouds
516,Kamaishi,JP,39.2667,141.8833,48.2,43,40,16.11,scattered clouds
517,Tuatapere,NZ,-46.1333,167.6833,46.0,91,100,11.99,overcast clouds
518,Xai-Xai,MZ,-25.0519,33.6442,69.78,88,0,3.31,clear sky
519,Siniscola,IT,40.5719,9.6922,48.2,93,0,1.14,clear sky
520,Shostka,UA,51.863,33.4698,33.35,61,100,1.14,overcast clouds
521,Namibe,AO,-15.1961,12.1522,76.05,68,0,10.31,clear sky
522,Barbacena,BR,-21.2258,-43.7736,66.0,95,46,2.77,scattered clouds
523,Antalaha,MG,-14.9003,50.2788,71.98,89,100,5.7,overcast clouds
524,Kismayo,SO,-0.3582,42.5454,82.26,77,100,10.74,overcast clouds
525,Urumqi,CN,43.801,87.6005,41.0,38,0,2.24,clear sky
526,Port Augusta,AU,-32.5,137.7667,64.4,72,4,4.61,clear sky
527,Mnogovershinnyy,RU,53.9353,139.9242,30.74,72,59,5.37,broken clouds
528,Nyurba,RU,63.2842,118.3319,33.17,90,100,8.63,overcast clouds
529,Niquero,CU,20.0431,-77.5828,78.21,77,100,0.89,overcast clouds
530,Lyuban,BY,52.7985,28.0048,29.41,85,15,6.4,few clouds
531,Noshiro,JP,40.2039,140.0242,46.4,57,40,3.44,scattered clouds
532,Nouadhibou,MR,20.931,-17.0347,64.4,88,0,16.11,clear sky
533,Gamba,GA,-2.65,10.0,77.81,87,54,1.57,broken clouds
534,Tema,GH,5.667,-0.0166,84.2,84,20,8.05,light rain
535,San Pedro,PH,14.35,121.0167,82.99,65,75,8.05,broken clouds
536,Maceio,BR,-9.6658,-35.7353,73.4,94,20,1.14,few clouds
537,Shubarshi,KZ,48.5872,57.1869,49.87,82,100,10.31,overcast clouds
538,Nikki,BJ,9.9401,3.2108,75.67,76,90,8.25,light rain
539,Antofagasta,CL,-23.65,-70.4,60.8,82,0,4.61,clear sky
540,Wucheng,CN,29.6008,118.175,63.99,91,100,1.57,overcast clouds
541,Kutum,SD,14.2,24.6667,76.17,15,41,11.07,scattered clouds
542,Inirida,CO,3.8653,-67.9239,74.89,95,100,1.77,moderate rain
543,Buraydah,SA,26.326,43.975,78.8,44,40,9.22,scattered clouds
544,Pichayevo,RU,53.2363,42.2032,35.55,84,76,9.6,broken clouds
545,Badoc,PH,17.9265,120.4764,84.2,58,75,4.61,broken clouds
546,Port Macquarie,AU,-31.4333,152.9167,71.01,61,0,1.99,clear sky
547,Grand Gaube,MU,-20.0064,57.6608,75.0,89,100,5.99,moderate rain
548,Turbo,CO,8.0937,-76.7269,79.56,87,100,9.06,overcast clouds
549,Zhigansk,RU,66.7697,123.3711,32.58,99,100,6.85,snow
550,Teeli,RU,51.0333,90.2333,33.08,38,14,3.0,few clouds
551,Imbituba,BR,-28.24,-48.6703,69.8,83,75,3.44,broken clouds
552,Gravdal,NO,68.1214,13.5031,36.77,63,96,7.34,overcast clouds
553,Cayenne,GF,4.9333,-52.3333,81.0,83,40,6.91,scattered clouds
554,Ust-Koksa,RU,50.2696,85.6108,30.63,64,100,2.64,overcast clouds
555,Upington,ZA,-28.4478,21.2561,60.8,36,0,1.14,clear sky
556,Cockburn Town,TC,21.4612,-71.1419,78.8,73,40,11.5,scattered clouds
557,Ambagarh Chauki,IN,20.7833,80.7167,82.47,19,1,4.23,clear sky
558,Shelburne,CA,44.0787,-80.2041,34.0,76,96,13.0,overcast clouds
559,Ngawen,ID,-7.0032,111.3129,79.14,82,0,7.18,clear sky
560,Aryiropoulion,GR,39.8333,22.3,50.0,93,0,2.33,clear sky
561,Batagay-Alyta,RU,67.8006,130.4114,27.03,78,100,3.11,overcast clouds
562,Skeldon,GY,5.8833,-57.1333,75.65,92,100,6.29,overcast clouds
563,Saint Anthony,US,45.0205,-93.218,43.0,52,90,9.22,overcast clouds
564,Bo Phloi,TH,14.3236,99.5161,83.7,64,99,4.76,overcast clouds
565,Atar,MR,20.5169,-13.0499,77.36,21,0,3.49,clear sky
566,Ongole,IN,15.5,80.05,79.12,85,5,6.49,clear sky
567,Waipawa,NZ,-41.4122,175.5153,60.8,51,42,14.97,scattered clouds
568,Makakilo City,US,21.3469,-158.0858,82.4,54,90,10.36,overcast clouds
569,Rocha,UY,-34.4833,-54.3333,58.37,77,62,8.16,broken clouds
570,Ilulissat,GL,69.2167,-51.1,48.2,43,75,19.57,broken clouds
571,Mulchen,CL,-37.7167,-72.2333,53.62,72,0,4.59,clear sky
572,Yefremov,RU,53.1481,38.0992,31.71,76,0,7.07,clear sky
573,Tirano,IT,46.2154,10.1679,57.99,50,100,3.96,overcast clouds
574,Porto Nacional,BR,-10.7081,-48.4172,73.4,100,75,3.44,broken clouds
575,Verkhnevilyuysk,RU,63.4453,120.3167,33.87,93,100,6.62,overcast clouds
576,Irbeyskoye,RU,55.6428,95.4522,38.43,83,76,11.74,broken clouds
577,Kincardine,GB,56.0667,-3.7167,44.01,87,0,2.3,clear sky
578,Quetta,PK,30.199,67.0097,62.29,24,0,2.66,clear sky
579,Bend,US,44.0582,-121.3153,42.8,75,75,5.75,broken clouds
580,Banyo,CM,6.75,11.8167,67.44,76,84,2.51,broken clouds
581,San Ramon,US,37.7799,-121.978,57.0,82,90,10.36,overcast clouds
582,Nedryhayliv,UA,50.834,33.8763,34.75,97,100,5.7,snow
583,Lakes Entrance,AU,-37.8811,147.981,63.0,67,12,1.01,few clouds
584,Jinxiang,CN,27.4327,120.6062,65.5,76,54,6.91,broken clouds
585,Alofi,NU,-19.0595,-169.9187,86.0,70,96,6.91,overcast clouds
586,Prado,BR,-17.3411,-39.2208,76.51,83,0,8.3,clear sky
587,Sorland,NO,67.667,12.6934,37.62,61,100,9.35,overcast clouds
588,Juegang,CN,32.3174,121.1855,63.46,64,8,9.64,clear sky
589,Pitea,SE,65.3172,21.4794,30.2,64,90,11.5,overcast clouds
590,Lohja,FI,60.2486,24.0653,34.0,100,100,5.99,light snow
591,Capinopolis,BR,-18.6819,-49.5697,71.01,33,84,1.88,broken clouds
592,Petropavlovsk-Kamchatskiy,RU,53.0452,158.6483,37.4,100,90,8.95,light snow
593,Shitanjing,CN,39.2342,106.3439,41.9,22,14,23.44,few clouds
594,Machinga,MW,-15.1685,35.3,64.36,93,18,3.15,few clouds
595,Vanavara,RU,60.34,102.2797,33.28,80,59,11.27,broken clouds
596,Kieta,PG,-6.2167,155.6333,86.14,63,37,6.13,scattered clouds
597,Javanrud,IR,34.7961,46.5172,59.43,35,82,4.36,broken clouds
598,Tateyama,JP,34.9833,139.8667,55.4,35,0,17.27,clear sky
599,Copiapo,CL,-27.3667,-70.3333,60.8,77,90,8.05,overcast clouds
600,Xuddur,SO,4.1213,43.8894,74.08,84,100,11.01,overcast clouds
601,Mercedes,AR,-34.6515,-59.4307,55.0,82,100,5.06,overcast clouds
602,Voh,NC,-20.9667,164.7,77.88,68,70,10.54,broken clouds
603,Goderich,CA,43.7501,-81.7165,33.8,69,3,12.66,clear sky
604,Vestmannaeyjar,IS,63.4427,-20.2734,44.28,80,0,7.63,clear sky
605,Ahuimanu,US,21.4447,-157.8378,82.4,61,40,12.66,scattered clouds
606,Severomuysk,RU,56.1481,113.4267,24.28,85,100,5.97,overcast clouds
607,Novoomskiy,RU,54.8415,73.3017,42.8,33,0,6.71,clear sky
608,Launceston,AU,-41.45,147.1667,64.99,63,16,9.22,few clouds
609,Cilegon,ID,-6.0174,106.0538,84.2,70,20,4.61,few clouds
610,Cabedelo,BR,-6.9811,-34.8339,77.0,94,20,3.44,few clouds
611,Sri Aman,MY,1.2376,111.4621,77.0,94,20,1.86,few clouds
612,Natal,BR,-5.795,-35.2094,80.6,78,20,9.22,few clouds
613,Karasjok,NO,69.4719,25.5112,33.8,75,90,4.61,overcast clouds
614,Mayskiy,RU,47.6931,40.1025,46.4,57,20,6.71,light rain
615,Belaya Gora,RU,68.5333,146.4167,24.96,74,91,13.06,overcast clouds
616,Visby,SE,57.6409,18.296,35.6,75,40,14.97,scattered clouds
617,Maragogi,BR,-9.0122,-35.2225,77.74,83,36,6.29,scattered clouds
618,Westport,US,41.1415,-73.3579,55.4,67,1,4.97,clear sky
619,Yantal,RU,56.8471,105.2542,33.44,87,100,8.7,overcast clouds
620,Lincoln,US,40.8,-96.667,72.0,46,1,12.66,clear sky
621,Punta,PH,8.9897,125.34,84.63,64,51,4.61,broken clouds
622,Sayat,TM,38.7839,63.8803,60.8,39,0,6.91,clear sky
623,Bezhetsk,RU,57.7851,36.6965,32.81,86,100,13.24,snow
624,Lazaro Cardenas,MX,17.9583,-102.2,79.36,65,100,7.38,overcast clouds
625,Porto Novo,BJ,6.4965,2.6036,80.62,82,94,5.03,light rain
626,Daltenganj,IN,24.0333,84.0667,79.56,12,2,3.44,clear sky
627,Tshikapa,CD,-6.4167,20.8,71.01,96,100,0.54,light rain
628,Roebourne,AU,-20.7833,117.1333,82.31,29,0,12.48,clear sky
629,Antsohihy,MG,-14.8796,47.9875,71.17,90,100,3.96,overcast clouds
630,Reo,BF,12.3167,-2.4667,89.67,26,17,6.8,few clouds
631,Oyem,GA,1.5995,11.5793,68.88,97,100,0.96,light rain
632,Gurun,MY,5.8172,100.4738,82.0,89,20,5.75,few clouds
633,Sorkjosen,NO,69.8,20.9333,28.98,96,100,8.01,light snow
634,Necochea,AR,-38.5473,-58.7368,55.99,86,79,6.08,broken clouds
635,Paamiut,GL,61.994,-49.6678,36.37,96,100,4.5,light rain
636,Mandera,KE,3.9366,41.867,79.23,71,57,5.97,light rain
637,Skjervoy,NO,70.0311,20.9714,33.98,92,100,15.03,light snow
638,Pringsewu,ID,-5.3582,104.9744,78.28,85,5,0.76,clear sky
639,Maungaturoto,NZ,-36.1,174.3667,66.0,71,28,8.01,scattered clouds
640,Turkistan,KZ,43.0,68.0,57.13,32,5,9.31,clear sky
641,High Level,CA,58.5169,-117.136,42.8,42,75,6.91,broken clouds
642,Hearst,CA,49.6835,-83.6665,28.4,54,6,2.3,clear sky
643,Jackson,US,42.4165,-122.8345,52.0,71,90,4.61,overcast clouds
644,Opuwo,NA,-18.0607,13.84,63.03,58,0,3.49,clear sky
645,Yei,SS,4.095,30.6779,67.06,95,100,4.27,overcast clouds
646,Bar Harbor,US,44.3876,-68.2039,46.4,93,90,6.91,overcast clouds
647,Khor,RU,47.8861,134.9464,52.43,21,38,10.96,scattered clouds
648,Port-Cartier,CA,50.0334,-66.8654,41.0,75,75,5.75,broken clouds
649,Stonewall,CA,50.1344,-97.3268,46.4,49,90,21.85,overcast clouds
650,Manggar,ID,-2.8833,108.2667,84.7,67,0,8.14,clear sky
651,Annau,TM,37.8876,58.516,62.6,48,2,7.72,clear sky
652,Mozarlandia,BR,-14.7447,-50.5706,75.76,61,58,6.08,broken clouds
653,San Jeronimo,PE,-11.9472,-75.2829,51.39,86,100,3.06,overcast clouds
654,Tancitaro,MX,19.3333,-102.3667,80.6,32,40,6.91,scattered clouds
655,Athabasca,CA,54.7169,-113.2854,48.2,23,100,10.36,overcast clouds
656,Bhatkal,IN,13.9667,74.5667,81.48,79,8,3.85,clear sky
657,Kawalu,ID,-7.3817,108.2082,77.05,81,55,0.72,broken clouds
658,Sohag,EG,26.557,31.6948,82.4,18,0,12.66,clear sky
659,Xinmin,CN,41.9908,122.8253,60.8,29,0,4.47,clear sky
660,Gulariya,NP,28.2333,81.3333,73.99,58,0,1.01,clear sky
661,Warmbad,NA,-28.45,18.7333,68.0,43,100,5.1,overcast clouds
662,Zapolyarnyy,RU,69.4154,30.8136,24.8,74,40,3.44,scattered clouds
663,Pangody,RU,65.85,74.4859,32.95,95,100,14.38,overcast clouds
664,Qaqortoq,GL,60.7167,-46.0333,50.0,32,75,33.38,light rain
665,Wamba,NG,8.9333,8.6,76.1,78,100,2.71,overcast clouds
666,Toropets,RU,56.4978,31.6353,30.96,92,99,7.96,overcast clouds
667,Vega De Alatorre,MX,20.0333,-96.6333,78.44,80,7,4.09,clear sky
668,Adet,ET,11.2644,37.4888,57.16,86,94,2.86,light rain
669,Sao Felix Do Xingu,BR,-6.6447,-51.995,72.48,97,65,1.1,very heavy rain
670,Bacungan,PH,9.9106,118.7022,82.4,74,75,6.91,broken clouds
671,Leshukonskoye,RU,64.8989,45.7622,39.47,94,100,5.23,overcast clouds
672,Okhotsk,RU,59.3833,143.3,24.84,60,5,7.38,clear sky
673,Loralai,PK,30.3705,68.598,67.1,32,0,5.32,clear sky
674,Menongue,AO,-14.6585,17.691,60.1,56,44,3.38,scattered clouds
675,Flin Flon,CA,54.7682,-101.865,34.3,57,100,6.82,overcast clouds
676,Khandyga,RU,62.6667,135.6,29.34,83,100,6.58,overcast clouds
677,Coihaique,CL,-45.5752,-72.0662,55.4,58,75,8.05,broken clouds
678,Port-Gentil,GA,-0.7193,8.7815,82.26,77,7,6.35,clear sky
679,Orocue,CO,4.7912,-71.3354,86.36,53,97,4.88,overcast clouds
680,Candolim,IN,15.5181,73.7626,82.33,70,95,4.74,overcast clouds
681,Samfya,ZM,-11.3649,29.5565,66.49,80,69,7.23,broken clouds
682,Verkhnyaya Maksakovka,RU,61.635,50.9674,39.2,87,90,8.95,overcast clouds
683,Strezhevoy,RU,60.7333,77.5889,35.6,69,0,8.95,clear sky
684,Kargasok,RU,59.0556,80.8572,35.96,95,100,6.8,overcast clouds
685,Sosnovka,RU,56.255,51.2842,36.9,75,100,15.77,overcast clouds
686,Houston,US,29.7633,-95.3633,73.99,56,20,12.66,few clouds
687,Half Moon Bay,US,37.4636,-122.4286,57.2,82,90,8.05,haze
688,Fare,PF,-16.7,-151.0167,81.39,64,0,2.68,clear sky
689,North Bend,US,43.4065,-124.2243,50.0,93,90,12.66,overcast clouds
690,Miles City,US,46.4083,-105.8406,55.4,47,90,12.66,overcast clouds
691,Paignton,GB,50.4357,-3.5679,44.01,58,100,1.01,overcast clouds
692,Arkhangelskoye,RU,55.8549,35.3287,28.51,88,9,9.19,clear sky
693,Inhuma,BR,-6.6683,-41.7078,72.55,83,17,3.53,few clouds
694,Chumikan,RU,54.7183,135.315,39.61,70,91,8.37,overcast clouds
695,Murray Bridge,AU,-35.1167,139.2667,61.0,86,0,2.68,clear sky
696,Noumea,NC,-22.2763,166.4572,77.0,69,40,13.8,scattered clouds
697,Heihe,CN,50.2441,127.4902,55.4,30,20,8.95,few clouds
698,Camacha,PT,33.0833,-16.3333,62.6,77,40,17.27,scattered clouds
699,Syedove,UA,47.0768,38.156,46.99,100,100,8.01,overcast clouds
700,Sawtell,AU,-30.3833,153.1,69.8,64,3,12.66,clear sky
701,Portales,US,34.1862,-103.3344,84.99,6,1,16.11,clear sky
702,Bereda,ES,43.2686,-7.5406,53.01,100,92,1.01,overcast clouds
703,Wewak,PG,-3.5534,143.6268,84.33,66,44,2.33,scattered clouds
